CREATE SCHEMA IF NOT EXISTS "PUBLIC";
CREATE USER IF NOT EXISTS yo PASSWORD 'yo';
ALTER USER yo ADMIN TRUE;
GRANT ALL TO yo;

drop table attache_file if exists;
drop table member if exists;
drop table member_authorities if exists;

create table attache_file (id bigint generated by default as identity, content_type varchar(255), file_id varchar(255), name varchar(255) not null, path varchar(255), size bigint, created_date TIMESTAMP, primary key (id));
create table member (id bigint generated by default as identity, cell_phone_number varchar(100), in_phone_number varchar(100), created_date timestamp, department_nm varchar(100), email varchar(100),  grade_nm varchar(100), charge_room varchar(100), last_modified_date timestamp, name varchar(50) not null, nick_name varchar(50), note clob, password varchar(100) not null, signin_id varchar(50) not null, status varchar(255), created_by_id bigint, last_modified_by_id bigint, profile_image_id bigint, primary key (id));
create table member_authorities (member_id bigint not null, authority varchar(255));
CREATE TABLE HOLYDAY ( ID bigint generated by default as identity, YEAR INTEGER, TITLE VARCHAR(100), DATE VARCHAR(20), TYPE VARCHAR(20), CONSTRAINT HOLYDAY_ID_IDX PRIMARY KEY (ID) ) ;
CREATE
	TABLE
		CHILD_LOG(
			ID BIGINT GENERATED BY DEFAULT AS IDENTITY,
			w_Date TIMESTAMP,
			p_Year VARCHAR(4),
			p_Date VARCHAR(10),
			User_In_Boy INTEGER DEFAULT 0,
			User_In_Girl INTEGER DEFAULT 0,
			User_In_Man INTEGER DEFAULT 0,
			User_In_Woman INTEGER DEFAULT 0,
			User_Out_Boy INTEGER DEFAULT 0,
			User_Out_Girl INTEGER DEFAULT 0,
			User_Out_Man INTEGER DEFAULT 0,
			User_Out_Woman INTEGER DEFAULT 0,
			Use_In_Child000 INTEGER DEFAULT 0,
			Use_In_Child100 INTEGER DEFAULT 0,
			Use_In_Child200 INTEGER DEFAULT 0,
			Use_In_Child300 INTEGER DEFAULT 0,
			Use_In_Child400 INTEGER DEFAULT 0,
			Use_In_Child500 INTEGER DEFAULT 0,
			Use_In_Child600 INTEGER DEFAULT 0,
			Use_In_Child700 INTEGER DEFAULT 0,
			Use_In_Child800 INTEGER DEFAULT 0,
			Use_In_Child900 INTEGER DEFAULT 0,
			Use_In000 INTEGER DEFAULT 0,
			Use_In100 INTEGER DEFAULT 0,
			Use_In200 INTEGER DEFAULT 0,
			Use_In300 INTEGER DEFAULT 0,
			Use_In400 INTEGER DEFAULT 0,
			Use_In500 INTEGER DEFAULT 0,
			Use_In600 INTEGER DEFAULT 0,
			Use_In700 INTEGER DEFAULT 0,
			Use_In800 INTEGER DEFAULT 0,
			Use_In900 INTEGER DEFAULT 0,
			Use_Out_Child000 INTEGER DEFAULT 0,
			Use_Out_Child100 INTEGER DEFAULT 0,
			Use_Out_Child200 INTEGER DEFAULT 0,
			Use_Out_Child300 INTEGER DEFAULT 0,
			Use_Out_Child400 INTEGER DEFAULT 0,
			Use_Out_Child500 INTEGER DEFAULT 0,
			Use_Out_Child600 INTEGER DEFAULT 0,
			Use_Out_Child700 INTEGER DEFAULT 0,
			Use_Out_Child800 INTEGER DEFAULT 0,
			Use_Out_Child900 INTEGER DEFAULT 0,
			Use_Out000 INTEGER DEFAULT 0,
			Use_Out100 INTEGER DEFAULT 0,
			Use_Out200 INTEGER DEFAULT 0,
			Use_Out300 INTEGER DEFAULT 0,
			Use_Out400 INTEGER DEFAULT 0,
			Use_Out500 INTEGER DEFAULT 0,
			Use_Out600 INTEGER DEFAULT 0,
			Use_Out700 INTEGER DEFAULT 0,
			Use_Out800 INTEGER DEFAULT 0,
			Use_Out900 INTEGER DEFAULT 0,
			Join_Out_Boy INTEGER DEFAULT 0,
			Join_Out_Girl INTEGER DEFAULT 0,
			Rent_Man INTEGER DEFAULT 0,
			Rent_Woman INTEGER DEFAULT 0,
			Rent_Card INTEGER DEFAULT 0,
			Rent_Uchi_Time INTEGER DEFAULT 0,
			Rent_Uchi_Cnt INTEGER DEFAULT 0,
			Rent_Low_Time INTEGER DEFAULT 0,
			Rent_Low_Cnt INTEGER DEFAULT 0,
			Rent_Middle_Cnt INTEGER DEFAULT 0,
			Rent_High_Cnt INTEGER DEFAULT 0,
			Rent_Other_Cnt INTEGER DEFAULT 0,
			Robot_Time INTEGER DEFAULT 0,
			Robot_Grp_Low_Cnt INTEGER DEFAULT 0,
			Robot_Grp_High_Cnt INTEGER DEFAULT 0,
			Robot_Grp_Other_Cnt INTEGER DEFAULT 0,
			Robot_Low_Cnt INTEGER DEFAULT 0,
			Robot_High_Cnt INTEGER DEFAULT 0,
			Robot_Other_Cnt INTEGER DEFAULT 0,
			Etc_Day_Cnt INTEGER DEFAULT 0,
			Etc_Question VARCHAR(1000),
			Etc_Inform VARCHAR(1000),
			created_by_id BIGINT,
			last_modified_by_id BIGINT,
			created_date TIMESTAMP,
			last_modified_date TIMESTAMP,
			CONSTRAINT CHILD_LOG_ID_IDX PRIMARY KEY(ID)
		);
	
CREATE
	TABLE
		PDS_LOG(
			ID BIGINT GENERATED BY DEFAULT AS IDENTITY,
			w_Date TIMESTAMP,
			p_Year VARCHAR(4),  
			p_Date VARCHAR(10), 
			User_In_Youth_Boy INTEGER,
			User_In_Youth_Girl INTEGER,
			User_In_Man INTEGER,
			User_In_Woman INTEGER,
			User_Out_Youth_Boy INTEGER,
			User_Out_Youth_Girl INTEGER,
			User_Out_Man INTEGER,
			User_Out_Woman INTEGER,
			Use_In_Youth000 INTEGER,
			Use_In_Youth100 INTEGER,
			Use_In_Youth200 INTEGER,
			Use_In_Youth300 INTEGER,
			Use_In_Youth400 INTEGER,
			Use_In_Youth500 INTEGER,
			Use_In_Youth600 INTEGER,
			Use_In_Youth700 INTEGER,
			Use_In_Youth800 INTEGER,
			Use_In_Youth900 INTEGER,
			Use_In000 INTEGER,
			Use_In100 INTEGER,
			Use_In200 INTEGER,
			Use_In300 INTEGER,
			Use_In400 INTEGER,
			Use_In500 INTEGER,
			Use_In600 INTEGER,
			Use_In700 INTEGER,
			Use_In800 INTEGER,
			Use_In900 INTEGER,
			Use_Out_Youth000 INTEGER,
			Use_Out_Youth100 INTEGER,
			Use_Out_Youth200 INTEGER,
			Use_Out_Youth300 INTEGER,
			Use_Out_Youth400 INTEGER,
			Use_Out_Youth500 INTEGER,
			Use_Out_Youth600 INTEGER,
			Use_Out_Youth700 INTEGER,
			Use_Out_Youth800 INTEGER,
			Use_Out_Youth900 INTEGER,
			Use_Out000 INTEGER,
			Use_Out100 INTEGER,
			Use_Out200 INTEGER,
			Use_Out300 INTEGER,
			Use_Out400 INTEGER,
			Use_Out500 INTEGER,
			Use_Out600 INTEGER,
			Use_Out700 INTEGER,
			Use_Out800 INTEGER,
			Use_Out900 INTEGER,
			Join_Out_Youth_Boy INTEGER,
			Join_Out_Youth_Girl INTEGER,
			Join_Out_Man INTEGER,
			Join_Out_Woman INTEGER,
			Etc_Question INTEGER,
			Etc_Inform VARCHAR(1000),
			created_by_id BIGINT,
			last_modified_by_id BIGINT,
			created_date TIMESTAMP,
			last_modified_date TIMESTAMP,
			CONSTRAINT PDS_LOG_ID_IDX PRIMARY KEY(ID)
		);

CREATE
	TABLE
		EBOOK_LOG(
			ID BIGINT GENERATED BY DEFAULT AS IDENTITY,
			w_Date TIMESTAMP,
			p_Year VARCHAR(4),  
			p_Date VARCHAR(10), 
	User_In_Boy_Internet Integer,
	User_In_Girl_Internet Integer,
	User_In_Youth_Boy_Internet Integer,
	User_In_Youth_Girl_Internet Integer,
	User_In_Man_Internet Integer,
	User_In_Woman_Internet Integer,
	User_In_Boy_DVD Integer,
	User_In_Girl_DVD Integer,
	User_In_Youth_Boy_DVD Integer,
	User_In_Youth_Girl_DVD Integer,
	User_In_Man_DVD Integer,
	User_In_Woman_DVD Integer,
	User_In_Boy_Note_Book Integer,
	User_In_Girl_Note_Book Integer,
	User_In_Youth_Boy_Note_Book Integer,
	User_In_Youth_Girl_Note_Book Integer,
	User_In_Man_Note_Book Integer,
	User_In_Woman_Note_Book Integer,
	User_In_Boy_Text Integer,
	User_In_Girl_Text Integer,
	User_In_Youth_Boy_Text Integer,
	User_In_Youth_Girl_Text Integer,
	User_In_Man_Text Integer,
	User_In_Woman_Text Integer,
	User_In_Boy_News_Paper Integer,
	User_In_Girl_News_Paper Integer,
	User_In_Youth_Boy_News_Paper Integer,
	User_In_Youth_Girl_News_Paper Integer,
	User_In_Man_News_Paper Integer,
	User_In_Woman_News_Paper Integer,
	User_In_Boy_Magazine Integer,
	User_In_Girl_Magazine Integer,
	User_In_Youth_Boy_Magazine Integer,
	User_In_Youth_Girl_Magazine Integer,
	User_In_Man_Magazine Integer,
	User_In_Woman_Magazine Integer,
	Use_In_Child_News_Paper Integer,
	Use_In_Child_Magazine Integer,
	Use_In_Youth_News_Paper Integer,
	Use_In_Youth_Magazine Integer,
	Use_In_News_Paper Integer,
	Use_In_Magazine Integer,
	UseEBook_Connection Integer,
	UseEBook_Rent Integer,
	Etc_Inform varchar(1000),
	created_by_id BIGINT,
	last_modified_by_id BIGINT,
	created_date TIMESTAMP,
	last_modified_date TIMESTAMP,
	CONSTRAINT EBOOK_LOG_ID_IDX PRIMARY KEY(ID)
);

CREATE
	TABLE
		VOLUNTEER_LOG(
			ID BIGINT GENERATED BY DEFAULT AS IDENTITY,
			w_Date TIMESTAMP,
			p_Year VARCHAR(4),  
			p_Date VARCHAR(10), 
			user_youth_boy_volunteer INTEGER,
			user_youth_girl_volunteer INTEGER,
			user_man_volunteer INTEGER,
			user_woman_volunteer INTEGER,
			Etc_Inform varchar(1000),
	created_by_id BIGINT,
	last_modified_by_id BIGINT,
	created_date TIMESTAMP,
	last_modified_date TIMESTAMP,
	CONSTRAINT VOLUNTEER_LOG_ID_IDX PRIMARY KEY(ID)
);


CREATE
	TABLE
		LECTURE(
			ID BIGINT GENERATED BY DEFAULT AS IDENTITY,
			w_Date TIMESTAMP,
	p_Year 			VARCHAR(4),  
	p_Date 			VARCHAR(10), 
	PROGRAM_ID 					BIGINT,
	Prog_Type               	varchar(100),
	Half_Type               	varchar(100),
	School_Nm               	varchar(200),
	Lecture_Nm               	varchar(200),
	Teacher_Nm               varchar(200), 
	Edu_Start_Dt              varchar(200), 
	Edu_End_Dt                varchar(200), 
	Edu_Start_Time            varchar(200), 
	Edu_End_Time              varchar(200), 
	Contents                varchar(1000), 
	Student_Target           varchar(200), 
	Edu_Type                 varchar(200), 
	Op_Week                  varchar(200), 
	Edu_Room                 varchar(200), 
	Limit_Student_Count       varchar(200), 
	Price                   varchar(200), 
	Address                 varchar(200), 
	Org_Nm                   varchar(200), 
	Org_Tel_No                varchar(200), 
	Receive_Start_Dt          varchar(200), 
	Receive_End_Dt            varchar(200), 
	Receive_Type             varchar(200), 
	Selection_Type           varchar(200), 
	Home_Page                varchar(200), 
	Price_SupportYN          varchar(200), 
	Credit_BankYN            varchar(200), 
	Life_Edu_Record_ApprovalYN varchar(200), 
	Legal_Date               varchar(200), 
	created_by_id BIGINT,
	last_modified_by_id BIGINT,
	created_date TIMESTAMP,
	last_modified_date TIMESTAMP,
	CONSTRAINT LECTURE_LOG_ID_IDX PRIMARY KEY(ID)
);


CREATE
	TABLE
		PROGRAM (
			ID BIGINT GENERATED BY DEFAULT AS IDENTITY,
			w_Date TIMESTAMP,
			p_Year 			VARCHAR(4),  
			p_Date 			VARCHAR(10), 
			Lecture_ID		BIGINT,
			Half_Type		VARCHAR(200), 
			Turn_Number		INTEGER,
			Use_Child_Boy_Num	INTEGER,
			Use_Child_Girl_Num	INTEGER,
			Use_Youth_Boy_Num	INTEGER,
			Use_Youth_Girl_Num	INTEGER,
			Use_Man_Num			INTEGER,
			Use_Woman_Num		INTEGER,
			Etc_Inform			VARCHAR(1000), 
			created_by_id BIGINT,
			last_modified_by_id BIGINT,
			created_date TIMESTAMP,
			last_modified_date TIMESTAMP,
			CONSTRAINT PROGRAMS_LOG_ID_IDX PRIMARY KEY(ID)
);	


CREATE
	TABLE
		EXP_LIBRARY(
			ID BIGINT GENERATED BY DEFAULT AS IDENTITY,
	p_Year 			VARCHAR(4),  
	p_Date 			VARCHAR(10), 
	Event_Type               	varchar(10),
	Prog_Type               	varchar(100),
	Prog_Nm               	varchar(200),
	Prog_Number              	Integer,
	Event_Code_Id              	BIGINT,
	Half_Type               	varchar(100),
	Org_Nm                   varchar(200), 
	Event_Nm               	varchar(200),
	People_Number Integer,
	Etc_Inform               	varchar(4000),
	created_by_id BIGINT,
	last_modified_by_id BIGINT,
	created_date TIMESTAMP,
	last_modified_date TIMESTAMP,
	CONSTRAINT EXP_LIBRARY_ID_IDX PRIMARY KEY(ID)
);



CREATE
	TABLE
		BOOK_CODE(
			ID BIGINT GENERATED BY DEFAULT AS IDENTITY,
			w_Date TIMESTAMP,
			Book_Code				varchar(100), 
			Divide_Nm			varchar(100),
			Code_Order				INTEGER,
			Symbol				varchar(100),
			Book_Type              	varchar(100),
			STATUS              	varchar(100),
			created_by_id BIGINT,
			last_modified_by_id BIGINT,
			created_date TIMESTAMP,
			last_modified_date TIMESTAMP,
			CONSTRAINT BOOK_CODE_ID_IDX PRIMARY KEY(ID)
);

CREATE
	TABLE
		EVENT_CODE(
			ID BIGINT GENERATED BY DEFAULT AS IDENTITY,
			Top_Code			varchar(100), 
			Top_Name			varchar(100),
			event_name			varchar(100),	
			event_order			INTEGER,
			use_yn              varchar(1),
			created_by_id BIGINT,
			last_modified_by_id BIGINT,
			created_date TIMESTAMP,
			last_modified_date TIMESTAMP,
			CONSTRAINT BOOK_CODE_ID_IDX PRIMARY KEY(ID)
);

CREATE TABLE PUBLIC.KOLAS_LIB (
	ID BIGINT NOT NULL AUTO_INCREMENT,
	BIZ_DATE VARCHAR(10),
	ROOM VARCHAR(10),
	SQL_TYPE VARCHAR(10),
	SEX VARCHAR(20),
	GRADE VARCHAR(20),
	TEN_CODE VARCHAR(5),
	COUNT INTEGER,
	created_by_id BIGINT,
	last_modified_by_id BIGINT,
	created_date TIMESTAMP,
	last_modified_date TIMESTAMP,
	CONSTRAINT KOLAS_LIB_ID_IDX PRIMARY KEY(ID)
) ;

CREATE TABLE PUBLIC.EBOOK_LIB (
	ID BIGINT NOT NULL AUTO_INCREMENT,
	BIZ_DATE VARCHAR(10),
	VISIT_CNT INTEGER,
	BORROW_CNT INTEGER,
	created_by_id BIGINT,
	last_modified_by_id BIGINT,
	created_date TIMESTAMP,
	last_modified_date TIMESTAMP,
	CONSTRAINT EBOOK_LIB_ID_IDX PRIMARY KEY(ID)
) ;

create table worker (id bigint generated by default as identity, created_date timestamp, member_id bigint, work_type varchar(255), work_id bigint, primary key (id));
create table work_schedule (id bigint generated by default as identity, created_date timestamp, day_of_week varchar(10), work_date timestamp, primary key (id));
create table book_transfer (id bigint generated by default as identity, p_date varchar(10), book_code_id bigint, created_date timestamp, income_type varchar(255), type000 integer, type100 integer, type200 integer, type300 integer, type400 integer, type500 integer, type600 integer, type700 integer, type800 integer, type900 integer, history_id bigint, primary key (id));
create table book_transfer_history (id bigint generated by default as identity, book_code varchar(255), created_date timestamp, income_type varchar(255), income_seq varchar(255), item_title varchar(255), p_date varchar(10), p_year varchar(4), reg_digit varchar(255), transfer_date timestamp,  from_name varchar(255), to_name varchar(255), confirm_name varchar(255), primary key (id));
create table journal (id bigint generated by default as identity, created_date timestamp, item_title varchar(255), journal_seq varchar(255), journal_type varchar(255), magazine_four_month integer, magazine_half_month integer, magazine_month integer, magazine_two_month integer, magazine_two_week integer, magazine_week integer, paper_day integer, paper_half_week integer, paper_two_week integer, paper_week integer, regist_date timestamp, primary key (id));
create table member_menu (id bigint generated by default as identity, create_yn tinyint(1) default 0, created_date timestamp, last_modified_date timestamp, menu_id bigint not null, print_yn tinyint(1) default 0, read_yn tinyint(1) default 0, update_yn tinyint(1) default 0, member_id bigint, primary key (id));
create table menu_item (id bigint generated by default as identity, created_date timestamp, last_modified_date timestamp, menu_name varchar(255), path varchar(255), sub_menu_name varchar(255), primary key (id));
create table worker_rule (id bigint generated by default as identity, active_yn tinyint(1) default 1, created_date timestamp, end_date timestamp, last_modified_date timestamp, member_id bigint, member_name varchar(255), position varchar(255), print_seq integer, room varchar(255), sat_yn tinyint(1) default 0, start_date timestamp, sun_yn tinyint(1) default 0, week_yn tinyint(1) default 0, weekday_yn tinyint(1) default 0, weekend_yn tinyint(1) default 0, reference_yn tinyint(1) default 0, primary key (id));
create table worker_history (id bigint generated by default as identity, created_date timestamp, saved_date varchar(255), worker_info varchar(255), primary key (id));

create index idx_worker_member_id on worker (member_id);
create index idx_worker_work_type on worker (work_type);
create index idx_worker_created_date on worker (created_date);
create index idx_work_schedule_work_date on work_schedule (work_date);
create index idx_book_tranfer_created_date on book_transfer (created_date);
create index idx_book_tranfer_history_transfer_date on book_transfer_history (transfer_date);
create index idx_book_tranfer_history_created_date on book_transfer_history (created_date);
create index idx_journal_regist_date on journal (regist_date);
create index idx_journal_created_date on journal (created_date);
create index idx_member_menu_menu_id on member_menu (menu_id);
create index idx_member_menu_created_date on member_menu (created_date);
create index idx_worker_rule_member_id on worker_rule (member_id);
create index idx_worker_rule_created_date on worker_rule (created_date);
create index idx_worker_history_saved_date on worker_history (saved_date);

alter table book_transfer add constraint FKkwvfcx2mu1towhhfd15qhpe22 foreign key (history_id) references book_transfer_history;
alter table worker_history add constraint UK_aa9ab1xabibp17a45qnoqpnv0 unique (saved_date);
alter table worker add constraint FKht3khieu2quqb9h3036dat3u1 foreign key (work_id) references work_schedule;
alter table member_menu add constraint FKl4uiy1plnwgmwsawid4u631qr foreign key (member_id) references member;

ALTER TABLE  PROGRAM ADD CONSTRAINT PROGRAM_LECTURE__FK FOREIGN KEY (LECTURE_ID) REFERENCES PUBLIC.LECTURE(ID) ;


-- member: admin/admin
INSERT INTO MEMBER(id, signin_id, password, name, nick_name, email, status,  department_nm, cell_phone_number) 
VALUES(1, 'admin', '662740c0b7af6d81b10126ba8bcf82b0db8efccf58533d0b7ae383bb71668ea14f67721481ebf711', '시스템 관리자', '시스템 관리자', 'system@softfun.io', 'ACTIVE',  'DI', '01028447678');
INSERT INTO MEMBER_AUTHORITIES(member_id, authority) VALUES(1, 'ADMINISTRATOR');


-- 초기 멤버 데이터
INSERT INTO MEMBER(id, signin_id, password, name, nick_name, email, status,  department_nm, cell_phone_number, grade_nm, charge_room)
VALUES(11, 'user01', '785636a20b3865cd0b630eb255d156aebfde5980748c9bd5062debe29abb04890a9656692dbdc2e3', '노병희', '문헌정보과장', 'user01@ujb.com', 'ACTIVE',  '문헌정보과', '01012341234', '과장', '');
INSERT INTO MEMBER_AUTHORITIES(member_id, authority) VALUES(11, 'MANAGER');

INSERT INTO MEMBER(id, signin_id, password, name, nick_name, email, status,  department_nm, cell_phone_number, grade_nm, charge_room)
VALUES(12, 'user02', '785636a20b3865cd0b630eb255d156aebfde5980748c9bd5062debe29abb04890a9656692dbdc2e3', '구은진', '학교도서관지원과장', 'user02@ujb.com', 'ACTIVE',  '지원과', '01012341234', '과장', '');
INSERT INTO MEMBER_AUTHORITIES(member_id, authority) VALUES(12, 'MANAGER');

INSERT INTO MEMBER(id, signin_id, password, name, nick_name, email, status,  department_nm, cell_phone_number, grade_nm, charge_room)
VALUES(13, 'user03', '785636a20b3865cd0b630eb255d156aebfde5980748c9bd5062debe29abb04890a9656692dbdc2e3', '조영일', '조영일', 'user03@ujb.com', 'ACTIVE',  '문헌정보과', '01012341234', '주무관', '');
INSERT INTO MEMBER_AUTHORITIES(member_id, authority) VALUES(13, 'MANAGER');

INSERT INTO MEMBER(id, signin_id, password, name, nick_name, email, status,  department_nm, cell_phone_number, grade_nm, charge_room)
VALUES(14, 'user04', '785636a20b3865cd0b630eb255d156aebfde5980748c9bd5062debe29abb04890a9656692dbdc2e3', '최영심', '최영심', 'user04@ujb.com', 'ACTIVE',  '문헌정보과', '01012341234', '주무관', '');
INSERT INTO MEMBER_AUTHORITIES(member_id, authority) VALUES(14, 'MANAGER');

INSERT INTO MEMBER(id, signin_id, password, name, nick_name, email, status,  department_nm, cell_phone_number, grade_nm, charge_room)
VALUES(15, 'user05', '785636a20b3865cd0b630eb255d156aebfde5980748c9bd5062debe29abb04890a9656692dbdc2e3', '이준명', '이준명', 'user05@ujb.com', 'ACTIVE',  '문헌정보과', '01012341234', '주무관', '');
INSERT INTO MEMBER_AUTHORITIES(member_id, authority) VALUES(15, 'MANAGER');

INSERT INTO MEMBER(id, signin_id, password, name, nick_name, email, status,  department_nm, cell_phone_number, grade_nm, charge_room)
VALUES(16, 'user06', '785636a20b3865cd0b630eb255d156aebfde5980748c9bd5062debe29abb04890a9656692dbdc2e3', '이종수', '이종수', 'user06@ujb.com', 'ACTIVE',  '문헌정보과', '01012341234', '주무관', '');
INSERT INTO MEMBER_AUTHORITIES(member_id, authority) VALUES(16, 'MANAGER');

INSERT INTO MEMBER(id, signin_id, password, name, nick_name, email, status,  department_nm, cell_phone_number, grade_nm, charge_room)
VALUES(17, 'user07', '785636a20b3865cd0b630eb255d156aebfde5980748c9bd5062debe29abb04890a9656692dbdc2e3', '이경소', '이경소', 'user07@ujb.com', 'ACTIVE',  '문헌정보과', '01012341234', '주무관', '어린이실');
INSERT INTO MEMBER_AUTHORITIES(member_id, authority) VALUES(17, 'MANAGER');

INSERT INTO MEMBER(id, signin_id, password, name, nick_name, email, status,  department_nm, cell_phone_number, grade_nm, charge_room)
VALUES(18, 'user08', '785636a20b3865cd0b630eb255d156aebfde5980748c9bd5062debe29abb04890a9656692dbdc2e3', '윤정화', '윤정화', 'user08@ujb.com', 'ACTIVE',  '문헌정보과', '01012341234', '주무관', '종합자료실');
INSERT INTO MEMBER_AUTHORITIES(member_id, authority) VALUES(18, 'MANAGER');

INSERT INTO MEMBER(id, signin_id, password, name, nick_name, email, status,  department_nm, cell_phone_number, grade_nm, charge_room)
VALUES(19, 'user09', '785636a20b3865cd0b630eb255d156aebfde5980748c9bd5062debe29abb04890a9656692dbdc2e3', '박희숙', '박희숙', 'user09@ujb.com', 'ACTIVE',  '문헌정보과', '01012341234', '주무관', '어린이실');
INSERT INTO MEMBER_AUTHORITIES(member_id, authority) VALUES(19, 'MANAGER');

INSERT INTO MEMBER(id, signin_id, password, name, nick_name, email, status,  department_nm, cell_phone_number, grade_nm, charge_room)
VALUES(20, 'user10', '785636a20b3865cd0b630eb255d156aebfde5980748c9bd5062debe29abb04890a9656692dbdc2e3', '박정희', '박정희', 'user10@ujb.com', 'ACTIVE',  '문헌정보과', '01012341234', '주무관', '');
INSERT INTO MEMBER_AUTHORITIES(member_id, authority) VALUES(20, 'MANAGER');

INSERT INTO MEMBER(id, signin_id, password, name, nick_name, email, status,  department_nm, cell_phone_number, grade_nm, charge_room)
VALUES(21, 'user11', '785636a20b3865cd0b630eb255d156aebfde5980748c9bd5062debe29abb04890a9656692dbdc2e3', '김희숙', '김희숙', 'user11@ujb.com', 'ACTIVE',  '문헌정보과', '01012341234', '주무관', '');
INSERT INTO MEMBER_AUTHORITIES(member_id, authority) VALUES(21, 'MANAGER');

INSERT INTO MEMBER(id, signin_id, password, name, nick_name, email, status,  department_nm, cell_phone_number, grade_nm, charge_room)
VALUES(22, 'user12', '785636a20b3865cd0b630eb255d156aebfde5980748c9bd5062debe29abb04890a9656692dbdc2e3', '최순옥', '최순옥', 'user12@ujb.com', 'ACTIVE',  '문헌정보과', '01012341234', '주무관', '행정직');
INSERT INTO MEMBER_AUTHORITIES(member_id, authority) VALUES(22, 'MANAGER');

INSERT INTO MEMBER(id, signin_id, password, name, nick_name, email, status,  department_nm, cell_phone_number, grade_nm, charge_room)
VALUES(23, 'user13', '785636a20b3865cd0b630eb255d156aebfde5980748c9bd5062debe29abb04890a9656692dbdc2e3', '임채원', '임채원', 'user13@ujb.com', 'ACTIVE',  '문헌정보과', '01012341234', '공익', '');
INSERT INTO MEMBER_AUTHORITIES(member_id, authority) VALUES(23, 'MANAGER');

INSERT INTO MEMBER(id, signin_id, password, name, nick_name, email, status,  department_nm, cell_phone_number, grade_nm, charge_room)
VALUES(24, 'user14', '785636a20b3865cd0b630eb255d156aebfde5980748c9bd5062debe29abb04890a9656692dbdc2e3', '문대일', '문대일', 'user14@ujb.com', 'ACTIVE',  '문헌정보과', '01012341234', '공익', '');
INSERT INTO MEMBER_AUTHORITIES(member_id, authority) VALUES(24, 'MANAGER');

INSERT INTO MEMBER(id, signin_id, password, name, nick_name, email, status,  department_nm, cell_phone_number, grade_nm, charge_room)
VALUES(25, 'user15', '785636a20b3865cd0b630eb255d156aebfde5980748c9bd5062debe29abb04890a9656692dbdc2e3', '강찬', '강찬', 'user15@ujb.com', 'ACTIVE',  '문헌정보과', '01012341234', '공익', '');
INSERT INTO MEMBER_AUTHORITIES(member_id, authority) VALUES(25, 'MANAGER');

insert into menu_item(id, menu_name, sub_menu_name, path, created_date) values(1, '자료실', '어린이실', '/dataroom/children', now());
insert into menu_item(id, menu_name, sub_menu_name, path, created_date) values(2, '자료실', '종합자료실', '/dataroom/pds', now());
insert into menu_item(id, menu_name, sub_menu_name, path, created_date) values(3, '자료실', '전자정보/연속간행물/e-book', '/dataroom/e-book', now());
insert into menu_item(id, menu_name, sub_menu_name, path, created_date) values(4, '자료실', '자원봉사', '/dataroom/volunteerLog', now());
insert into menu_item(id, menu_name, sub_menu_name, path, created_date) values(5, '자료실', '통계(자료실)', '/dataroom/pds-statistic', now());
insert into menu_item(id, menu_name, sub_menu_name, path, created_date) values(6, '자료실', '자료실근무표/근무명령부', '/dataroom/work-scheduling', now());
insert into menu_item(id, menu_name, sub_menu_name, path, created_date) values(7, '프로그램', '평생교육프로그램', '/event/life-edu-prog', now());
insert into menu_item(id, menu_name, sub_menu_name, path, created_date) values(8, '프로그램', '평생교육 강좌', '/event/life-edu-lecture', now());
insert into menu_item(id, menu_name, sub_menu_name, path, created_date) values(9, '프로그램', '학교지원프로그램', '/event/school-edu-prog', now());
insert into menu_item(id, menu_name, sub_menu_name, path, created_date) values(10, '프로그램', '학교지원 강좌', '/event/school-edu-lecture', now());
insert into menu_item(id, menu_name, sub_menu_name, path, created_date) values(11, '프로그램', '독서회', '/event/reading-club-prog', now());
insert into menu_item(id, menu_name, sub_menu_name, path, created_date) values(12, '프로그램', '독서회 등록', '/event/reading-club-lecture', now());
insert into menu_item(id, menu_name, sub_menu_name, path, created_date) values(13, '도서관행사', '도서관 체헙학습', '/event/exp-library-list', now());
insert into menu_item(id, menu_name, sub_menu_name, path, created_date) values(14, '도서관행사', '어린이행사', '/event/child', now());
insert into menu_item(id, menu_name, sub_menu_name, path, created_date) values(15, '도서관행사', '도서관 행사', '/event/library', now());
insert into menu_item(id, menu_name, sub_menu_name, path, created_date) values(16, '도서관행사', '독서의 달', '/event/reading-month', now());
insert into menu_item(id, menu_name, sub_menu_name, path, created_date) values(17, '도서관행사', '기타행사', '/event/etc', now());
insert into menu_item(id, menu_name, sub_menu_name, path, created_date) values(18, '도서/연속간행물', '도서인계인수', '/book/transfer-list', now());
insert into menu_item(id, menu_name, sub_menu_name, path, created_date) values(19, '도서/연속간행물', '통계(장서)', '/book/book-statistic', now());
insert into menu_item(id, menu_name, sub_menu_name, path, created_date) values(20, '도서/연속간행물', '연속간행물', '/book/journal-list', now());
insert into menu_item(id, menu_name, sub_menu_name, path, created_date) values(21, '도서/연속간행물', '통계(연속간행물)', '/book/journal-statistic', now());
insert into menu_item(id, menu_name, sub_menu_name, path, created_date) values(22, '관리자', '회원관리', '/settings/members', now());
insert into menu_item(id, menu_name, sub_menu_name, path, created_date) values(23, '관리자', '휴관일관리', '/settings/holyday', now());
insert into menu_item(id, menu_name, sub_menu_name, path, created_date) values(24, '관리자', '도서코드관리', '/settings/book-code', now());
insert into menu_item(id, menu_name, sub_menu_name, path, created_date) values(25, '관리자', '근무자규칙관리', '/settings/workder-rule', now());
insert into menu_item(id, menu_name, sub_menu_name, path, created_date) values(26, '도서관행사', '통계(도서관행사)', '/event/event-statistic', now());
insert into menu_item(id, menu_name, sub_menu_name, path, created_date) values(27, '관리자', '행사코드관리', '/settings/event-code', now());

insert into member_menu(id, read_yn, print_yn, create_yn, update_yn, menu_id, member_id, created_date) values (1, 1, 1, 1, 1, 1, 1, now());
insert into member_menu(id, read_yn, print_yn, create_yn, update_yn, menu_id, member_id, created_date) values (2, 1, 1, 1, 1, 2, 1, now());
insert into member_menu(id, read_yn, print_yn, create_yn, update_yn, menu_id, member_id, created_date) values (3, 1, 1, 1, 1, 3, 1, now());
insert into member_menu(id, read_yn, print_yn, create_yn, update_yn, menu_id, member_id, created_date) values (4, 1, 1, 1, 1, 4, 1, now());
insert into member_menu(id, read_yn, print_yn, create_yn, update_yn, menu_id, member_id, created_date) values (5, 1, 1, 1, 1, 5, 1, now());
insert into member_menu(id, read_yn, print_yn, create_yn, update_yn, menu_id, member_id, created_date) values (6, 1, 1, 1, 1, 6, 1, now());
insert into member_menu(id, read_yn, print_yn, create_yn, update_yn, menu_id, member_id, created_date) values (7, 1, 1, 1, 1, 7, 1, now());
insert into member_menu(id, read_yn, print_yn, create_yn, update_yn, menu_id, member_id, created_date) values (8, 1, 1, 1, 1, 8, 1, now());
insert into member_menu(id, read_yn, print_yn, create_yn, update_yn, menu_id, member_id, created_date) values (9, 1, 1, 1, 1, 9, 1, now());
insert into member_menu(id, read_yn, print_yn, create_yn, update_yn, menu_id, member_id, created_date) values (10, 1, 1, 1, 1, 10, 1, now());
insert into member_menu(id, read_yn, print_yn, create_yn, update_yn, menu_id, member_id, created_date) values (11, 1, 1, 1, 1, 11, 1, now());
insert into member_menu(id, read_yn, print_yn, create_yn, update_yn, menu_id, member_id, created_date) values (12, 1, 1, 1, 1, 12, 1, now());
insert into member_menu(id, read_yn, print_yn, create_yn, update_yn, menu_id, member_id, created_date) values (13, 1, 1, 1, 1, 13, 1, now());
insert into member_menu(id, read_yn, print_yn, create_yn, update_yn, menu_id, member_id, created_date) values (14, 1, 1, 1, 1, 14, 1, now());
insert into member_menu(id, read_yn, print_yn, create_yn, update_yn, menu_id, member_id, created_date) values (15, 1, 1, 1, 1, 15, 1, now());
insert into member_menu(id, read_yn, print_yn, create_yn, update_yn, menu_id, member_id, created_date) values (16, 1, 1, 1, 1, 16, 1, now());
insert into member_menu(id, read_yn, print_yn, create_yn, update_yn, menu_id, member_id, created_date) values (17, 1, 1, 1, 1, 17, 1, now());
insert into member_menu(id, read_yn, print_yn, create_yn, update_yn, menu_id, member_id, created_date) values (18, 1, 1, 1, 1, 18, 1, now());
insert into member_menu(id, read_yn, print_yn, create_yn, update_yn, menu_id, member_id, created_date) values (19, 1, 1, 1, 1, 19, 1, now());
insert into member_menu(id, read_yn, print_yn, create_yn, update_yn, menu_id, member_id, created_date) values (20, 1, 1, 1, 1, 20, 1, now());
insert into member_menu(id, read_yn, print_yn, create_yn, update_yn, menu_id, member_id, created_date) values (21, 1, 1, 1, 1, 21, 1, now());
insert into member_menu(id, read_yn, print_yn, create_yn, update_yn, menu_id, member_id, created_date) values (22, 1, 1, 1, 1, 22, 1, now());
insert into member_menu(id, read_yn, print_yn, create_yn, update_yn, menu_id, member_id, created_date) values (23, 1, 1, 1, 1, 23, 1, now());
insert into member_menu(id, read_yn, print_yn, create_yn, update_yn, menu_id, member_id, created_date) values (24, 1, 1, 1, 1, 24, 1, now());
insert into member_menu(id, read_yn, print_yn, create_yn, update_yn, menu_id, member_id, created_date) values (25, 1, 1, 1, 1, 25, 1, now());
insert into member_menu(id, read_yn, print_yn, create_yn, update_yn, menu_id, member_id, created_date) values (26, 1, 1, 1, 1, 26, 1, now());
insert into member_menu(id, read_yn, print_yn, create_yn, update_yn, menu_id, member_id, created_date) values (27, 1, 1, 1, 1, 27, 1, now());

insert into worker_rule(id, member_id, member_name, position, room, sat_yn, sun_yn, week_yn, print_seq, start_date, end_date, weekday_yn, weekend_yn, reference_yn, created_date) values (1, 11, '노병희', 'INFOMATION', 'REFERENCE', 1, 0, 0, 1, '2018-07-01 00:00:00', '2999-12-31 23:59:59', 0, 0, 0, now());
insert into worker_rule(id, member_id, member_name, position, room, sat_yn, sun_yn, week_yn, print_seq, start_date, end_date, weekday_yn, weekend_yn, reference_yn, created_date) values (2, 12, '구은진', 'LIBRARY', 'REFERENCE', 1, 0, 0, 2, '2018-07-01 00:00:00', '2999-12-31 23:59:59', 0, 1, 0, now());
insert into worker_rule(id, member_id, member_name, position, room, sat_yn, sun_yn, week_yn, print_seq, start_date, end_date, weekday_yn, weekend_yn, reference_yn, created_date) values (3, 13, '조영일', 'OFFICER', 'NONE', 1, 1, 1, 3, '2018-07-01 00:00:00', '2999-12-31 23:59:59', 0, 0, 0, now());
insert into worker_rule(id, member_id, member_name, position, room, sat_yn, sun_yn, week_yn, print_seq, start_date, end_date, weekday_yn, weekend_yn, reference_yn, created_date) values (4, 14, '최영심', 'OFFICER', 'NONE', 1, 1, 1, 4, '2018-07-01 00:00:00', '2999-12-31 23:59:59', 0, 0, 0, now());
insert into worker_rule(id, member_id, member_name, position, room, sat_yn, sun_yn, week_yn, print_seq, start_date, end_date, weekday_yn, weekend_yn, reference_yn, created_date) values (5, 15, '이준명', 'OFFICER', 'NONE', 1, 1, 1, 5, '2018-07-01 00:00:00', '2999-12-31 23:59:59', 0, 0, 0, now());
insert into worker_rule(id, member_id, member_name, position, room, sat_yn, sun_yn, week_yn, print_seq, start_date, end_date, weekday_yn, weekend_yn, reference_yn, created_date) values (6, 16, '이종수', 'OFFICER', 'NONE', 1, 1, 1, 6, '2018-07-01 00:00:00', '2999-12-31 23:59:59', 0, 0, 0, now());
insert into worker_rule(id, member_id, member_name, position, room, sat_yn, sun_yn, week_yn, print_seq, start_date, end_date, weekday_yn, weekend_yn, reference_yn, created_date) values (7, 17, '이경소', 'OFFICER', 'CHILD', 1, 1, 1, 7, '2018-07-01 00:00:00', '2999-12-31 23:59:59', 0, 0, 0, now());
insert into worker_rule(id, member_id, member_name, position, room, sat_yn, sun_yn, week_yn, print_seq, start_date, end_date, weekday_yn, weekend_yn, reference_yn, created_date) values (8, 18, '윤정화', 'OFFICER', 'REFERENCE', 1, 1, 1, 8, '2018-07-01 00:00:00', '2999-12-31 23:59:59', 0, 0, 0, now());
insert into worker_rule(id, member_id, member_name, position, room, sat_yn, sun_yn, week_yn, print_seq, start_date, end_date, weekday_yn, weekend_yn, reference_yn, created_date) values (9, 19, '박희숙', 'OFFICER', 'CHILD', 1, 1, 1, 9, '2018-07-01 00:00:00', '2999-12-31 23:59:59', 0, 0, 0, now());
insert into worker_rule(id, member_id, member_name, position, room, sat_yn, sun_yn, week_yn, print_seq, start_date, end_date, weekday_yn, weekend_yn, reference_yn, created_date) values (10, 20, '박정희', 'OFFICER', 'NONE', 1, 1, 1, 10, '2018-07-01 00:00:00', '2999-12-31 23:59:59', 1, 1, 0, now());
insert into worker_rule(id, member_id, member_name, position, room, sat_yn, sun_yn, week_yn, print_seq, start_date, end_date, weekday_yn, weekend_yn, reference_yn, created_date) values (11, 21, '김희숙', 'OFFICER', 'REFERENCE', 1, 1, 1, 11, '2018-07-01 00:00:00', '2999-12-31 23:59:59', 0, 0, 0, now());
insert into worker_rule(id, member_id, member_name, position, room, sat_yn, sun_yn, week_yn, print_seq, start_date, end_date, weekday_yn, weekend_yn, reference_yn, created_date) values (12, 22, '최순옥', 'OFFICER', 'NONE', 1, 1, 1, 12, '2018-07-01 00:00:00', '2999-12-31 23:59:59', 0, 0, 0, now());
insert into worker_rule(id, member_id, member_name, position, room, sat_yn, sun_yn, week_yn, print_seq, start_date, end_date, weekday_yn, weekend_yn, reference_yn, created_date) values (13, 23, '임채원', 'PUBLIC', 'NONE', 1, 1, 0, 13, '2018-07-01 00:00:00', '2018-07-13 23:59:59', 0, 0, 0, now());
insert into worker_rule(id, member_id, member_name, position, room, sat_yn, sun_yn, week_yn, print_seq, start_date, end_date, weekday_yn, weekend_yn, reference_yn, created_date) values (14, 24, '문대일', 'PUBLIC', 'NONE', 1, 1, 0, 14, '2018-07-01 00:00:00', '2018-11-11 23:59:59', 0, 1, 1, now());
insert into worker_rule(id, member_id, member_name, position, room, sat_yn, sun_yn, week_yn, print_seq, start_date, end_date, weekday_yn, weekend_yn, reference_yn, created_date) values (15, 25, '강찬', 'PUBLIC', 'NONE', 1, 1, 0, 15, '2018-07-01 00:00:00', '2019-05-05 23:59:59', 0, 0, 0, now());

insert into worker_history(id, saved_date, worker_info, created_date) values ( 1, '2018-07', '{"reference":14,"weekend":[2,10,14],"weekday":10}', now());

INSERT INTO PUBLIC.KOLAS_LIB (BIZ_DATE,ROOM,SQL_TYPE,SEX,GRADE,TEN_CODE,COUNT,CREATED_BY_ID,LAST_MODIFIED_BY_ID,CREATED_DATE,LAST_MODIFIED_DATE) VALUES (
'2018-07-10','CHILD','BOOK','남자','어린이',NULL,1,NULL,NULL,NULL,NULL);
INSERT INTO PUBLIC.KOLAS_LIB (BIZ_DATE,ROOM,SQL_TYPE,SEX,GRADE,TEN_CODE,COUNT,CREATED_BY_ID,LAST_MODIFIED_BY_ID,CREATED_DATE,LAST_MODIFIED_DATE) VALUES (
'2018-07-10','CHILD','BOOK','남자','일반',NULL,2,NULL,NULL,NULL,NULL);
INSERT INTO PUBLIC.KOLAS_LIB (BIZ_DATE,ROOM,SQL_TYPE,SEX,GRADE,TEN_CODE,COUNT,CREATED_BY_ID,LAST_MODIFIED_BY_ID,CREATED_DATE,LAST_MODIFIED_DATE) VALUES (
'2018-07-10','CHILD','BOOK','여자','어린이',NULL,3,NULL,NULL,NULL,NULL);
INSERT INTO PUBLIC.KOLAS_LIB (BIZ_DATE,ROOM,SQL_TYPE,SEX,GRADE,TEN_CODE,COUNT,CREATED_BY_ID,LAST_MODIFIED_BY_ID,CREATED_DATE,LAST_MODIFIED_DATE) VALUES (
'2018-07-10','CHILD','BOOK','여자','일반',NULL,4,NULL,NULL,NULL,NULL);
INSERT INTO PUBLIC.KOLAS_LIB (BIZ_DATE,ROOM,SQL_TYPE,SEX,GRADE,TEN_CODE,COUNT,CREATED_BY_ID,LAST_MODIFIED_BY_ID,CREATED_DATE,LAST_MODIFIED_DATE) VALUES (
'2018-07-10','CHILD','PDS',NULL,'어린이','000',11,NULL,NULL,NULL,NULL);
INSERT INTO PUBLIC.KOLAS_LIB (BIZ_DATE,ROOM,SQL_TYPE,SEX,GRADE,TEN_CODE,COUNT,CREATED_BY_ID,LAST_MODIFIED_BY_ID,CREATED_DATE,LAST_MODIFIED_DATE) VALUES (
'2018-07-10','CHILD','PDS',NULL,'어린이','100',22,NULL,NULL,NULL,NULL);
INSERT INTO PUBLIC.KOLAS_LIB (BIZ_DATE,ROOM,SQL_TYPE,SEX,GRADE,TEN_CODE,COUNT,CREATED_BY_ID,LAST_MODIFIED_BY_ID,CREATED_DATE,LAST_MODIFIED_DATE) VALUES (
'2018-07-10','CHILD','PDS',NULL,'어린이','200',33,NULL,NULL,NULL,NULL);
INSERT INTO PUBLIC.KOLAS_LIB (BIZ_DATE,ROOM,SQL_TYPE,SEX,GRADE,TEN_CODE,COUNT,CREATED_BY_ID,LAST_MODIFIED_BY_ID,CREATED_DATE,LAST_MODIFIED_DATE) VALUES (
'2018-07-10','CHILD','PDS',NULL,'일반','800',44,NULL,NULL,NULL,NULL);
INSERT INTO PUBLIC.KOLAS_LIB (BIZ_DATE,ROOM,SQL_TYPE,SEX,GRADE,TEN_CODE,COUNT,CREATED_BY_ID,LAST_MODIFIED_BY_ID,CREATED_DATE,LAST_MODIFIED_DATE) VALUES (
'2018-07-10','CHILD','PDS',NULL,'일반','700',55,NULL,NULL,NULL,NULL);
INSERT INTO PUBLIC.KOLAS_LIB (BIZ_DATE,ROOM,SQL_TYPE,SEX,GRADE,TEN_CODE,COUNT,CREATED_BY_ID,LAST_MODIFIED_BY_ID,CREATED_DATE,LAST_MODIFIED_DATE) VALUES (
'2018-07-10','CHILD','JOIN','남자','어린이',NULL,1000,NULL,NULL,NULL,NULL);
INSERT INTO PUBLIC.KOLAS_LIB (BIZ_DATE,ROOM,SQL_TYPE,SEX,GRADE,TEN_CODE,COUNT,CREATED_BY_ID,LAST_MODIFIED_BY_ID,CREATED_DATE,LAST_MODIFIED_DATE) VALUES (
'2018-07-10','CHILD','JOIN','여자','어린이',NULL,200,NULL,NULL,NULL,NULL);
INSERT INTO PUBLIC.KOLAS_LIB (BIZ_DATE,ROOM,SQL_TYPE,SEX,GRADE,TEN_CODE,COUNT,CREATED_BY_ID,LAST_MODIFIED_BY_ID,CREATED_DATE,LAST_MODIFIED_DATE) VALUES (
'2018-07-10','PDS','BOOK','남자','청소년',NULL,1,NULL,NULL,NULL,NULL);
INSERT INTO PUBLIC.KOLAS_LIB (BIZ_DATE,ROOM,SQL_TYPE,SEX,GRADE,TEN_CODE,COUNT,CREATED_BY_ID,LAST_MODIFIED_BY_ID,CREATED_DATE,LAST_MODIFIED_DATE) VALUES (
'2018-07-10','PDS','BOOK','남자','일반',NULL,2,NULL,NULL,NULL,NULL);
INSERT INTO PUBLIC.KOLAS_LIB (BIZ_DATE,ROOM,SQL_TYPE,SEX,GRADE,TEN_CODE,COUNT,CREATED_BY_ID,LAST_MODIFIED_BY_ID,CREATED_DATE,LAST_MODIFIED_DATE) VALUES (
'2018-07-10','PDS','BOOK','여자','청소년',NULL,3,NULL,NULL,NULL,NULL);
INSERT INTO PUBLIC.KOLAS_LIB (BIZ_DATE,ROOM,SQL_TYPE,SEX,GRADE,TEN_CODE,COUNT,CREATED_BY_ID,LAST_MODIFIED_BY_ID,CREATED_DATE,LAST_MODIFIED_DATE) VALUES (
'2018-07-10','PDS','BOOK','여자','일반',NULL,4,NULL,NULL,NULL,NULL);
INSERT INTO PUBLIC.KOLAS_LIB (BIZ_DATE,ROOM,SQL_TYPE,SEX,GRADE,TEN_CODE,COUNT,CREATED_BY_ID,LAST_MODIFIED_BY_ID,CREATED_DATE,LAST_MODIFIED_DATE) VALUES (
'2018-07-10','PDS','PDS',NULL,'청소년','000',11,NULL,NULL,NULL,NULL);
INSERT INTO PUBLIC.KOLAS_LIB (BIZ_DATE,ROOM,SQL_TYPE,SEX,GRADE,TEN_CODE,COUNT,CREATED_BY_ID,LAST_MODIFIED_BY_ID,CREATED_DATE,LAST_MODIFIED_DATE) VALUES (
'2018-07-10','PDS','PDS',NULL,'청소년','100',22,NULL,NULL,NULL,NULL);
INSERT INTO PUBLIC.KOLAS_LIB (BIZ_DATE,ROOM,SQL_TYPE,SEX,GRADE,TEN_CODE,COUNT,CREATED_BY_ID,LAST_MODIFIED_BY_ID,CREATED_DATE,LAST_MODIFIED_DATE) VALUES (
'2018-07-10','PDS','PDS',NULL,'청소년','200',33,NULL,NULL,NULL,NULL);
INSERT INTO PUBLIC.KOLAS_LIB (BIZ_DATE,ROOM,SQL_TYPE,SEX,GRADE,TEN_CODE,COUNT,CREATED_BY_ID,LAST_MODIFIED_BY_ID,CREATED_DATE,LAST_MODIFIED_DATE) VALUES (
'2018-07-10','PDS','PDS',NULL,'일반','800',44,NULL,NULL,NULL,NULL);
INSERT INTO PUBLIC.KOLAS_LIB (BIZ_DATE,ROOM,SQL_TYPE,SEX,GRADE,TEN_CODE,COUNT,CREATED_BY_ID,LAST_MODIFIED_BY_ID,CREATED_DATE,LAST_MODIFIED_DATE) VALUES (
'2018-07-10','PDS','PDS',NULL,'일반','700',55,NULL,NULL,NULL,NULL);
INSERT INTO PUBLIC.KOLAS_LIB (BIZ_DATE,ROOM,SQL_TYPE,SEX,GRADE,TEN_CODE,COUNT,CREATED_BY_ID,LAST_MODIFIED_BY_ID,CREATED_DATE,LAST_MODIFIED_DATE) VALUES (
'2018-07-10','PDS','JOIN','남자','청소년',NULL,1000,NULL,NULL,NULL,NULL);
INSERT INTO PUBLIC.KOLAS_LIB (BIZ_DATE,ROOM,SQL_TYPE,SEX,GRADE,TEN_CODE,COUNT,CREATED_BY_ID,LAST_MODIFIED_BY_ID,CREATED_DATE,LAST_MODIFIED_DATE) VALUES (
'2018-07-10','PDS','JOIN','여자','청소년',NULL,100,NULL,NULL,NULL,NULL);
INSERT INTO PUBLIC.KOLAS_LIB (BIZ_DATE,ROOM,SQL_TYPE,SEX,GRADE,TEN_CODE,COUNT,CREATED_BY_ID,LAST_MODIFIED_BY_ID,CREATED_DATE,LAST_MODIFIED_DATE) VALUES (
'2018-07-10','PDS','JOIN','남자','일반',NULL,200,NULL,NULL,NULL,NULL);
INSERT INTO PUBLIC.KOLAS_LIB (BIZ_DATE,ROOM,SQL_TYPE,SEX,GRADE,TEN_CODE,COUNT,CREATED_BY_ID,LAST_MODIFIED_BY_ID,CREATED_DATE,LAST_MODIFIED_DATE) VALUES (
'2018-07-10','PDS','JOIN','여자','일반',NULL,300,NULL,NULL,NULL,NULL);

INSERT INTO PUBLIC.BOOK_CODE (ID,W_DATE,BOOK_CODE,DIVIDE_NM,CODE_ORDER,SYMBOL,BOOK_TYPE,STATUS,CREATED_BY_ID,LAST_MODIFIED_BY_ID,CREATED_DATE,LAST_MODIFIED_DATE) VALUES (
16,NULL,'EM','관내일반',100,'TOP','','사용',1,1,NULL,NULL);
INSERT INTO PUBLIC.BOOK_CODE (ID,W_DATE,BOOK_CODE,DIVIDE_NM,CODE_ORDER,SYMBOL,BOOK_TYPE,STATUS,CREATED_BY_ID,LAST_MODIFIED_BY_ID,CREATED_DATE,LAST_MODIFIED_DATE) VALUES (
20,NULL,'EB','전자책일반',500,'TOP','','사용',NULL,NULL,NULL,NULL);
INSERT INTO PUBLIC.BOOK_CODE (ID,W_DATE,BOOK_CODE,DIVIDE_NM,CODE_ORDER,SYMBOL,BOOK_TYPE,STATUS,CREATED_BY_ID,LAST_MODIFIED_BY_ID,CREATED_DATE,LAST_MODIFIED_DATE) VALUES (
17,NULL,'JU','관내아동',200,'TOP','','사용',NULL,NULL,NULL,NULL);
INSERT INTO PUBLIC.BOOK_CODE (ID,W_DATE,BOOK_CODE,DIVIDE_NM,CODE_ORDER,SYMBOL,BOOK_TYPE,STATUS,CREATED_BY_ID,LAST_MODIFIED_BY_ID,CREATED_DATE,LAST_MODIFIED_DATE) VALUES (
18,NULL,'WM','서양서일반',300,'TOP','','사용',NULL,NULL,NULL,NULL);
INSERT INTO PUBLIC.BOOK_CODE (ID,W_DATE,BOOK_CODE,DIVIDE_NM,CODE_ORDER,SYMBOL,BOOK_TYPE,STATUS,CREATED_BY_ID,LAST_MODIFIED_BY_ID,CREATED_DATE,LAST_MODIFIED_DATE) VALUES (
19,NULL,'WJ','서양서아동',400,'TOP','','사용',NULL,NULL,NULL,NULL);
INSERT INTO PUBLIC.BOOK_CODE (ID,W_DATE,BOOK_CODE,DIVIDE_NM,CODE_ORDER,SYMBOL,BOOK_TYPE,STATUS,CREATED_BY_ID,LAST_MODIFIED_BY_ID,CREATED_DATE,LAST_MODIFIED_DATE) VALUES (
21,NULL,'EC','전자책아동',600,'TOP','','사용',NULL,NULL,NULL,NULL);
INSERT INTO PUBLIC.BOOK_CODE (ID,W_DATE,BOOK_CODE,DIVIDE_NM,CODE_ORDER,SYMBOL,BOOK_TYPE,STATUS,CREATED_BY_ID,LAST_MODIFIED_BY_ID,CREATED_DATE,LAST_MODIFIED_DATE) VALUES (
22,NULL,'NB','비도서일반',700,'TOP',NULL,'사용',NULL,NULL,NULL,NULL);
INSERT INTO PUBLIC.BOOK_CODE (ID,W_DATE,BOOK_CODE,DIVIDE_NM,CODE_ORDER,SYMBOL,BOOK_TYPE,STATUS,CREATED_BY_ID,LAST_MODIFIED_BY_ID,CREATED_DATE,LAST_MODIFIED_DATE) VALUES (
23,NULL,'NC','비도서아동',800,'TOP',NULL,'사용',NULL,NULL,NULL,NULL);
INSERT INTO PUBLIC.BOOK_CODE (ID,W_DATE,BOOK_CODE,DIVIDE_NM,CODE_ORDER,SYMBOL,BOOK_TYPE,STATUS,CREATED_BY_ID,LAST_MODIFIED_BY_ID,CREATED_DATE,LAST_MODIFIED_DATE) VALUES (
24,NULL,'EM','관내일반',101,'MID','일반자료','사용',1,1,NULL,NULL);
INSERT INTO PUBLIC.BOOK_CODE (ID,W_DATE,BOOK_CODE,DIVIDE_NM,CODE_ORDER,SYMBOL,BOOK_TYPE,STATUS,CREATED_BY_ID,LAST_MODIFIED_BY_ID,CREATED_DATE,LAST_MODIFIED_DATE) VALUES (
25,NULL,'EM','관내일반',102,'MID','참고자료','사용',NULL,NULL,NULL,NULL);
INSERT INTO PUBLIC.BOOK_CODE (ID,W_DATE,BOOK_CODE,DIVIDE_NM,CODE_ORDER,SYMBOL,BOOK_TYPE,STATUS,CREATED_BY_ID,LAST_MODIFIED_BY_ID,CREATED_DATE,LAST_MODIFIED_DATE) VALUES (
26,NULL,'EM','관내일반',103,'MID','독서치료','사용',NULL,NULL,NULL,NULL);
INSERT INTO PUBLIC.BOOK_CODE (ID,W_DATE,BOOK_CODE,DIVIDE_NM,CODE_ORDER,SYMBOL,BOOK_TYPE,STATUS,CREATED_BY_ID,LAST_MODIFIED_BY_ID,CREATED_DATE,LAST_MODIFIED_DATE) VALUES (
27,NULL,'EM','관내일반',104,'MID','교과연계','사용',NULL,NULL,NULL,NULL);
INSERT INTO PUBLIC.BOOK_CODE (ID,W_DATE,BOOK_CODE,DIVIDE_NM,CODE_ORDER,SYMBOL,BOOK_TYPE,STATUS,CREATED_BY_ID,LAST_MODIFIED_BY_ID,CREATED_DATE,LAST_MODIFIED_DATE) VALUES (
28,NULL,'JU','관내아동',201,'MID','어린이 자료','사용',NULL,NULL,NULL,NULL);
INSERT INTO PUBLIC.BOOK_CODE (ID,W_DATE,BOOK_CODE,DIVIDE_NM,CODE_ORDER,SYMBOL,BOOK_TYPE,STATUS,CREATED_BY_ID,LAST_MODIFIED_BY_ID,CREATED_DATE,LAST_MODIFIED_DATE) VALUES (
29,NULL,'JU','관내아동',202,'MID','어린이 참고도서','사용',NULL,NULL,NULL,NULL);
INSERT INTO PUBLIC.BOOK_CODE (ID,W_DATE,BOOK_CODE,DIVIDE_NM,CODE_ORDER,SYMBOL,BOOK_TYPE,STATUS,CREATED_BY_ID,LAST_MODIFIED_BY_ID,CREATED_DATE,LAST_MODIFIED_DATE) VALUES (
30,NULL,'JU','관내아동',203,'MID','어린이 유아','사용',NULL,NULL,NULL,NULL);
INSERT INTO PUBLIC.BOOK_CODE (ID,W_DATE,BOOK_CODE,DIVIDE_NM,CODE_ORDER,SYMBOL,BOOK_TYPE,STATUS,CREATED_BY_ID,LAST_MODIFIED_BY_ID,CREATED_DATE,LAST_MODIFIED_DATE) VALUES (
31,NULL,'JU','관내아동',204,'MID','교과연계','사용',NULL,NULL,NULL,NULL);
INSERT INTO PUBLIC.BOOK_CODE (ID,W_DATE,BOOK_CODE,DIVIDE_NM,CODE_ORDER,SYMBOL,BOOK_TYPE,STATUS,CREATED_BY_ID,LAST_MODIFIED_BY_ID,CREATED_DATE,LAST_MODIFIED_DATE) VALUES (
32,NULL,'JU','관내아동',205,'MID','독서치료','사용',NULL,NULL,NULL,NULL);
INSERT INTO PUBLIC.BOOK_CODE (ID,W_DATE,BOOK_CODE,DIVIDE_NM,CODE_ORDER,SYMBOL,BOOK_TYPE,STATUS,CREATED_BY_ID,LAST_MODIFIED_BY_ID,CREATED_DATE,LAST_MODIFIED_DATE) VALUES (
33,NULL,'WM','서양서일반',301,'MID','서양서 일반자료','사용',NULL,NULL,NULL,NULL);
INSERT INTO PUBLIC.BOOK_CODE (ID,W_DATE,BOOK_CODE,DIVIDE_NM,CODE_ORDER,SYMBOL,BOOK_TYPE,STATUS,CREATED_BY_ID,LAST_MODIFIED_BY_ID,CREATED_DATE,LAST_MODIFIED_DATE) VALUES (
34,NULL,'WJ','서양서아동',401,'MID','어린이 서양서 자료','사용',NULL,NULL,NULL,NULL);
INSERT INTO PUBLIC.BOOK_CODE (ID,W_DATE,BOOK_CODE,DIVIDE_NM,CODE_ORDER,SYMBOL,BOOK_TYPE,STATUS,CREATED_BY_ID,LAST_MODIFIED_BY_ID,CREATED_DATE,LAST_MODIFIED_DATE) VALUES (
35,NULL,'EB','전자책일반',501,'MID','일반 웹컨텐츠','사용',NULL,NULL,NULL,NULL);
INSERT INTO PUBLIC.BOOK_CODE (ID,W_DATE,BOOK_CODE,DIVIDE_NM,CODE_ORDER,SYMBOL,BOOK_TYPE,STATUS,CREATED_BY_ID,LAST_MODIFIED_BY_ID,CREATED_DATE,LAST_MODIFIED_DATE) VALUES (
36,NULL,'EB','전자책일반',502,'MID','일반 전자책','사용',NULL,NULL,NULL,NULL);
INSERT INTO PUBLIC.BOOK_CODE (ID,W_DATE,BOOK_CODE,DIVIDE_NM,CODE_ORDER,SYMBOL,BOOK_TYPE,STATUS,CREATED_BY_ID,LAST_MODIFIED_BY_ID,CREATED_DATE,LAST_MODIFIED_DATE) VALUES (
37,NULL,'EC','전자책아동',601,'MID','어린이 웹컨텐츠','사용',NULL,NULL,NULL,NULL);
INSERT INTO PUBLIC.BOOK_CODE (ID,W_DATE,BOOK_CODE,DIVIDE_NM,CODE_ORDER,SYMBOL,BOOK_TYPE,STATUS,CREATED_BY_ID,LAST_MODIFIED_BY_ID,CREATED_DATE,LAST_MODIFIED_DATE) VALUES (
38,NULL,'EC','전자책아동',602,'MID','어린이 전자책','사용',NULL,NULL,NULL,NULL);
INSERT INTO PUBLIC.BOOK_CODE (ID,W_DATE,BOOK_CODE,DIVIDE_NM,CODE_ORDER,SYMBOL,BOOK_TYPE,STATUS,CREATED_BY_ID,LAST_MODIFIED_BY_ID,CREATED_DATE,LAST_MODIFIED_DATE) VALUES (
39,NULL,'NB','비도서일반',701,'MID','(일반) DVD','사용',NULL,NULL,NULL,NULL);
INSERT INTO PUBLIC.BOOK_CODE (ID,W_DATE,BOOK_CODE,DIVIDE_NM,CODE_ORDER,SYMBOL,BOOK_TYPE,STATUS,CREATED_BY_ID,LAST_MODIFIED_BY_ID,CREATED_DATE,LAST_MODIFIED_DATE) VALUES (
40,NULL,'NC','비도서아동',801,'MID','(어린이) DVD','사용',NULL,NULL,NULL,NULL);
INSERT INTO PUBLIC.BOOK_CODE (ID,W_DATE,BOOK_CODE,DIVIDE_NM,CODE_ORDER,SYMBOL,BOOK_TYPE,STATUS,CREATED_BY_ID,LAST_MODIFIED_BY_ID,CREATED_DATE,LAST_MODIFIED_DATE) VALUES (
43,NULL,'SM','학교도서관지원',900,'TOP',NULL,'사용',NULL,NULL,NULL,NULL);
INSERT INTO PUBLIC.BOOK_CODE (ID,W_DATE,BOOK_CODE,DIVIDE_NM,CODE_ORDER,SYMBOL,BOOK_TYPE,STATUS,CREATED_BY_ID,LAST_MODIFIED_BY_ID,CREATED_DATE,LAST_MODIFIED_DATE) VALUES (
44,NULL,'SM','학교도서관지원',903,'MID','고등학교1','중지',NULL,NULL,NULL,NULL);
INSERT INTO PUBLIC.BOOK_CODE (ID,W_DATE,BOOK_CODE,DIVIDE_NM,CODE_ORDER,SYMBOL,BOOK_TYPE,STATUS,CREATED_BY_ID,LAST_MODIFIED_BY_ID,CREATED_DATE,LAST_MODIFIED_DATE) VALUES (
45,NULL,'SM','학교도서관지원',901,'MID','초등학교','사용',NULL,NULL,NULL,NULL);
INSERT INTO PUBLIC.BOOK_CODE (ID,W_DATE,BOOK_CODE,DIVIDE_NM,CODE_ORDER,SYMBOL,BOOK_TYPE,STATUS,CREATED_BY_ID,LAST_MODIFIED_BY_ID,CREATED_DATE,LAST_MODIFIED_DATE) VALUES (
46,NULL,'SM','학교도서관지원',902,'MID','중학교','사용',NULL,NULL,NULL,NULL);
INSERT INTO PUBLIC.BOOK_CODE (ID,W_DATE,BOOK_CODE,DIVIDE_NM,CODE_ORDER,SYMBOL,BOOK_TYPE,STATUS,CREATED_BY_ID,LAST_MODIFIED_BY_ID,CREATED_DATE,LAST_MODIFIED_DATE) VALUES (
47,NULL,'SM','학교도서관지원',904,'MID','고등학교','사용',NULL,NULL,NULL,NULL);
INSERT INTO PUBLIC.BOOK_CODE (ID,W_DATE,BOOK_CODE,DIVIDE_NM,CODE_ORDER,SYMBOL,BOOK_TYPE,STATUS,CREATED_BY_ID,LAST_MODIFIED_BY_ID,CREATED_DATE,LAST_MODIFIED_DATE) VALUES (
48,NULL,'EM','관내일반',905,'MID','다문화일반자료','사용',NULL,NULL,NULL,NULL);
INSERT INTO PUBLIC.BOOK_CODE (ID,W_DATE,BOOK_CODE,DIVIDE_NM,CODE_ORDER,SYMBOL,BOOK_TYPE,STATUS,CREATED_BY_ID,LAST_MODIFIED_BY_ID,CREATED_DATE,LAST_MODIFIED_DATE) VALUES (
49,NULL,'JU','관내아동',906,'MID','다문화어린이자료','사용',NULL,NULL,NULL,NULL);


INSERT INTO PUBLIC.EVENT_CODE (ID,TOP_CODE,TOP_NAME,EVENT_NAME,EVENT_ORDER,USE_YN,CREATED_BY_ID,LAST_MODIFIED_BY_ID,CREATED_DATE,LAST_MODIFIED_DATE) VALUES (
1,'2','어린이행사','어린이 행사 ',22,'Y',NULL,1,NULL,'2018-07-27 00:41:00.179');
INSERT INTO PUBLIC.EVENT_CODE (ID,TOP_CODE,TOP_NAME,EVENT_NAME,EVENT_ORDER,USE_YN,CREATED_BY_ID,LAST_MODIFIED_BY_ID,CREATED_DATE,LAST_MODIFIED_DATE) VALUES (
2,'1','도서관체험학습','고사리손책놀이',13,'Y',NULL,1,NULL,'2018-07-27 00:40:43.219');
INSERT INTO PUBLIC.EVENT_CODE (ID,TOP_CODE,TOP_NAME,EVENT_NAME,EVENT_ORDER,USE_YN,CREATED_BY_ID,LAST_MODIFIED_BY_ID,CREATED_DATE,LAST_MODIFIED_DATE) VALUES (
3,'1','도서관체험학습','로봇체험학습',12,'Y',NULL,1,NULL,'2018-07-27 00:40:38.248');
INSERT INTO PUBLIC.EVENT_CODE (ID,TOP_CODE,TOP_NAME,EVENT_NAME,EVENT_ORDER,USE_YN,CREATED_BY_ID,LAST_MODIFIED_BY_ID,CREATED_DATE,LAST_MODIFIED_DATE) VALUES (
4,'1','도서관체험학습','유아동화구연',14,'Y',NULL,1,NULL,'2018-07-27 00:40:48.998');
INSERT INTO PUBLIC.EVENT_CODE (ID,TOP_CODE,TOP_NAME,EVENT_NAME,EVENT_ORDER,USE_YN,CREATED_BY_ID,LAST_MODIFIED_BY_ID,CREATED_DATE,LAST_MODIFIED_DATE) VALUES (
5,'2','어린이행사','어린이 독서 퀴즈',21,'Y',NULL,1,NULL,'2018-07-27 00:40:55.364');
INSERT INTO PUBLIC.EVENT_CODE (ID,TOP_CODE,TOP_NAME,EVENT_NAME,EVENT_ORDER,USE_YN,CREATED_BY_ID,LAST_MODIFIED_BY_ID,CREATED_DATE,LAST_MODIFIED_DATE) VALUES (
6,'1','도서관체험학습','현장학습',11,'Y',NULL,1,NULL,'2018-07-27 00:40:31.168');



